id;title;description;created
1;Multi-channelled Licensed;677265792043616d6272696467657368697265;2019-05-18T10:43:39
2;Refined Rubber Chicken Table;4175746f6d6f74697665;2019-05-18T02:19:58
3;South Dakota envisioneer Music;4e616b6661;2019-05-18T14:22:54
4;Rubber Buckinghamshire Games;696e63656e746976697a652054756e6120636f7079;2019-05-18T14:44:30
5;sky blue Georgia;466163696c697461746f72;2019-05-18T06:20:32
6;Markets Chief;636170616369746f722061726368697665;2019-05-18T11:15:17
7;Aruba;736f667477617265207363616c6520696e746572616374697665;2019-05-18T05:03:21
8;compelling mission-critical;62696675726361746564207363616c61626c65;2019-05-18T20:58:44
9;Industrial;696e646578206f72616e6765;2019-05-19T00:48:46
10;overriding;6d6f6e69746f7220313038307020436865636b696e67204163636f756e74;2019-05-18T02:42:52
