id;title;description;image;image_content_type;height;width;taken;uploaded
1;deposit Internal;496e766573746d656e74204163636f756e7420617263686976652046616e74617374696320506c617374696320436869636b656e;7769746864726177616c20434f4d;image/png;47221;38292;2019-05-18T22:04:30;2019-05-18T01:37:28
2;synthesizing hard drive Robust;41766f6e;496e74656c6c6967656e74204f7574646f6f7273;image/png;63641;47537;2019-05-18T17:24:03;2019-05-18T11:25:37
3;European Unit of Account 9(E.U.A.-9) Concrete;72656c6174696f6e7368697073206f76657272696465;6e65757472616c2053616c6164;image/png;92969;62435;2019-05-18T05:33:02;2019-05-18T17:51:01
4;Refined Squares;6d61726f6f6e;737570706f727420476f7267656f7573;image/png;22793;64769;2019-05-18T14:41:41;2019-05-19T00:55:58
5;cutting-edge ability Hat;737570706c792d636861696e73206d6167656e7461;44697265637469766573;image/png;32320;21876;2019-05-18T12:29:40;2019-05-18T11:33:04
6;facilitate Tasty Concrete Chips Exclusive;4275636b696e6768616d7368697265206361706162696c697479207a65726f20746f6c6572616e6365;4265726b736869726520536d616c6c20506c61737469632050616e747320496e766573746f72;image/png;23956;68070;2019-05-18T21:28:04;2019-05-18T12:12:11
7;Way Dominican Republic;42756c67617269616e204c6576206e61766967617465;7765622d656e61626c656420696e766f696365207769746864726177616c;image/png;53577;81643;2019-05-18T22:46:42;2019-05-18T05:47:07
8;Gloves Bedfordshire Argentine Peso;4b656e7475636b7920416c67657269616e2044696e617220436c6f7468696e67;5361757361676573;image/png;69093;39757;2019-05-18T15:39:50;2019-05-18T12:31:10
9;hacking Forint bandwidth;476c6f62616c;4d6163616f2045717561746f7269616c204775696e656120566973696f6e2d6f7269656e746564;image/png;9310;96541;2019-05-18T03:24:45;2019-05-18T11:32:47
10;THX pink even-keeled;62757320496e7465726e616c204149;44796e616d696320486f6d65204c6f616e204163636f756e7420546f6f6c73;image/png;10147;94013;2019-05-18T09:01:17;2019-05-18T01:34:40
